"row_id","sobject_id","cluster_name"
"1","131118001101003","NGC288"
"2","131118001101013","NGC288"
"3","131118001101019","NGC288"
"4","131118001101020","NGC288"
"5","131118001101089","NGC288"
"6","131118001101091","NGC288"
"7","131118001101093","NGC288"
"8","131118001101102","NGC288"
"9","131118001101103","NGC288"
"10","131118001101110","NGC288"
"11","131118001101141","NGC288"
"12","131118001101152","NGC288"
"13","131118001101156","NGC288"
"14","131118001101180","NGC288"
"15","131118001101196","NGC288"
"16","131118001101210","NGC288"
"17","131118001101225","NGC288"
"18","131118001101233","NGC288"
"19","131118001101271","NGC288"
"20","131118001101295","NGC288"
"21","131118001101296","NGC288"
"22","131118001101318","NGC288"
"23","131118001101334","NGC288"
"24","131118001101339","NGC288"
"25","131118001101345","NGC288"
"26","131118001101371","NGC288"
"27","131118001101397","NGC288"
"28","131118001901087","NGC362"
"29","131118001901109","NGC362"
"30","131118001901122","NGC362"
"31","131118001901178","NGC362"
"32","131118001901183","NGC362"
"33","131118001901187","NGC362"
"34","131118001901217","NGC362"
"35","131118001901243","NGC362"
"36","131118001901255","NGC362"
"37","131118001901259","NGC362"
"38","131118001901266","NGC362"
"39","131118001901278","NGC362"
"40","131118001901295","NGC362"
"41","131118001901332","NGC362"
"42","131118001901374","NGC362"
"43","131120001101013","NGC288"
"44","131120001101102","NGC288"
"45","131120001101110","NGC288"
"46","131120001101135","NGC288"
"47","131120001101152","NGC288"
"48","131120001101156","NGC288"
"49","131120001101210","NGC288"
"50","131120001101225","NGC288"
"51","131120001101295","NGC288"
"52","131120001401003","47 Tuc"
"53","131120001401008","47 Tuc"
"54","131120001401012","47 Tuc"
"55","131120001401015","47 Tuc"
"56","131120001401017","47 Tuc"
"57","131120001401018","47 Tuc"
"58","131120001401019","47 Tuc"
"59","131120001401022","47 Tuc"
"60","131120001401026","47 Tuc"
"61","131120001401028","47 Tuc"
"62","131120001401032","47 Tuc"
"63","131120001401033","47 Tuc"
"64","131120001401035","47 Tuc"
"65","131120001401037","47 Tuc"
"66","131120001401040","47 Tuc"
"67","131120001401043","47 Tuc"
"68","131120001401049","47 Tuc"
"69","131120001401054","47 Tuc"
"70","131120001401056","47 Tuc"
"71","131120001401070","47 Tuc"
"72","131120001401086","47 Tuc"
"73","131120001401090","47 Tuc"
"74","131120001401108","47 Tuc"
"75","131120001401116","47 Tuc"
"76","131120001401124","47 Tuc"
"77","131120001401126","47 Tuc"
"78","131120001401140","47 Tuc"
"79","131120001401143","47 Tuc"
"80","131120001401160","47 Tuc"
"81","131120001401167","47 Tuc"
"82","131120001401201","47 Tuc"
"83","131120001401210","47 Tuc"
"84","131120001401218","47 Tuc"
"85","131120001401262","47 Tuc"
"86","131120001401283","47 Tuc"
"87","131120001401288","47 Tuc"
"88","131120001401290","47 Tuc"
"89","131120001401298","47 Tuc"
"90","131120001401304","47 Tuc"
"91","131120001401307","47 Tuc"
"92","131120001401317","47 Tuc"
"93","131120001401318","47 Tuc"
"94","131120001401319","47 Tuc"
"95","131120001401320","47 Tuc"
"96","131120001401322","47 Tuc"
"97","131120001401324","47 Tuc"
"98","131120001401325","47 Tuc"
"99","131120001401332","47 Tuc"
"100","131120001401337","47 Tuc"
"101","131120001401349","47 Tuc"
"102","131120001401354","47 Tuc"
"103","131120001401355","47 Tuc"
"104","131120001401356","47 Tuc"
"105","131120001401359","47 Tuc"
"106","131120001401362","47 Tuc"
"107","131120001401363","47 Tuc"
"108","131120001401366","47 Tuc"
"109","131120001401370","47 Tuc"
"110","131120001401371","47 Tuc"
"111","131120001401372","47 Tuc"
"112","131120001401374","47 Tuc"
"113","131120001401375","47 Tuc"
"114","131120001401376","47 Tuc"
"115","131120001401379","47 Tuc"
"116","131120001401380","47 Tuc"
"117","131120001401382","47 Tuc"
"118","131120001401384","47 Tuc"
"119","131120001401387","47 Tuc"
"120","131120001401388","47 Tuc"
"121","131120001401392","47 Tuc"
"122","131120001401395","47 Tuc"
"123","131120001401399","47 Tuc"
"124","131120002001005","NGC362"
"125","131120002001020","NGC362"
"126","131120002001038","NGC362"
"127","131120002001078","NGC362"
"128","131120002001108","NGC362"
"129","131120002001120","NGC362"
"130","131120002001135","NGC362"
"131","131120002001145","NGC362"
"132","131120002001177","NGC362"
"133","131120002001182","NGC362"
"134","131120002001185","NGC362"
"135","131120002001191","NGC362"
"136","131120002001196","NGC362"
"137","131120002001276","NGC362"
"138","131120002001281","NGC362"
"139","131120002001320","NGC362"
"140","131120002001365","NGC362"
"141","131120002001376","NGC362"
"142","131120002001393","NGC362"
"143","131123001701004","47 Tuc"
"144","131123001701005","47 Tuc"
"145","131123001701007","47 Tuc"
"146","131123001701008","47 Tuc"
"147","131123001701012","47 Tuc"
"148","131123001701013","47 Tuc"
"149","131123001701016","47 Tuc"
"150","131123001701017","47 Tuc"
"151","131123001701018","47 Tuc"
"152","131123001701020","47 Tuc"
"153","131123001701021","47 Tuc"
"154","131123001701022","47 Tuc"
"155","131123001701024","47 Tuc"
"156","131123001701027","47 Tuc"
"157","131123001701028","47 Tuc"
"158","131123001701029","47 Tuc"
"159","131123001701030","47 Tuc"
"160","131123001701033","47 Tuc"
"161","131123001701034","47 Tuc"
"162","131123001701035","47 Tuc"
"163","131123001701036","47 Tuc"
"164","131123001701037","47 Tuc"
"165","131123001701038","47 Tuc"
"166","131123001701041","47 Tuc"
"167","131123001701044","47 Tuc"
"168","131123001701045","47 Tuc"
"169","131123001701047","47 Tuc"
"170","131123001701048","47 Tuc"
"171","131123001701049","47 Tuc"
"172","131123001701052","47 Tuc"
"173","131123001701053","47 Tuc"
"174","131123001701058","47 Tuc"
"175","131123001701063","47 Tuc"
"176","131123001701068","47 Tuc"
"177","131123001701096","47 Tuc"
"178","131123001701105","47 Tuc"
"179","131123001701106","47 Tuc"
"180","131123001701109","47 Tuc"
"181","131123001701111","47 Tuc"
"182","131123001701116","47 Tuc"
"183","131123001701119","47 Tuc"
"184","131123001701132","47 Tuc"
"185","131123001701135","47 Tuc"
"186","131123001701141","47 Tuc"
"187","131123001701146","47 Tuc"
"188","131123001701153","47 Tuc"
"189","131123001701158","47 Tuc"
"190","131123001701159","47 Tuc"
"191","131123001701162","47 Tuc"
"192","131123001701165","47 Tuc"
"193","131123001701166","47 Tuc"
"194","131123001701167","47 Tuc"
"195","131123001701169","47 Tuc"
"196","131123001701174","47 Tuc"
"197","131123001701176","47 Tuc"
"198","131123001701178","47 Tuc"
"199","131123001701179","47 Tuc"
"200","131123001701187","47 Tuc"
"201","131123001701206","47 Tuc"
"202","131123001701212","47 Tuc"
"203","131123001701215","47 Tuc"
"204","131123001701217","47 Tuc"
"205","131123001701226","47 Tuc"
"206","131123001701238","47 Tuc"
"207","131123001701242","47 Tuc"
"208","131123001701249","47 Tuc"
"209","131123001701261","47 Tuc"
"210","131123001701262","47 Tuc"
"211","131123001701263","47 Tuc"
"212","131123001701264","47 Tuc"
"213","131123001701268","47 Tuc"
"214","131123001701269","47 Tuc"
"215","131123001701270","47 Tuc"
"216","131123001701274","47 Tuc"
"217","131123001701275","47 Tuc"
"218","131123001701276","47 Tuc"
"219","131123001701280","47 Tuc"
"220","131123001701282","47 Tuc"
"221","131123001701283","47 Tuc"
"222","131123001701284","47 Tuc"
"223","131123001701285","47 Tuc"
"224","131123001701286","47 Tuc"
"225","131123001701287","47 Tuc"
"226","131123001701289","47 Tuc"
"227","131123001701290","47 Tuc"
"228","131123001701291","47 Tuc"
"229","131123001701292","47 Tuc"
"230","131123001701293","47 Tuc"
"231","131123001701294","47 Tuc"
"232","131123001701296","47 Tuc"
"233","131123001701303","47 Tuc"
"234","131123001701305","47 Tuc"
"235","131123001701309","47 Tuc"
"236","131123001701311","47 Tuc"
"237","131123001701314","47 Tuc"
"238","131123001701319","47 Tuc"
"239","131123001701322","47 Tuc"
"240","131123001701324","47 Tuc"
"241","131123001701326","47 Tuc"
"242","131123001701330","47 Tuc"
"243","131123001701331","47 Tuc"
"244","131123001701333","47 Tuc"
"245","131123001701335","47 Tuc"
"246","131123001701336","47 Tuc"
"247","131123001701337","47 Tuc"
"248","131123001701338","47 Tuc"
"249","131123001701339","47 Tuc"
"250","131123001701340","47 Tuc"
"251","131123001701341","47 Tuc"
"252","131123001701342","47 Tuc"
"253","131123001701343","47 Tuc"
"254","131123001701344","47 Tuc"
"255","131123001701345","47 Tuc"
"256","131123001701349","47 Tuc"
"257","131123001701353","47 Tuc"
"258","131123001701356","47 Tuc"
"259","131123001701357","47 Tuc"
"260","131123001701360","47 Tuc"
"261","131123001701361","47 Tuc"
"262","131123001701362","47 Tuc"
"263","131123001701363","47 Tuc"
"264","131123001701364","47 Tuc"
"265","131123001701366","47 Tuc"
"266","131123001701367","47 Tuc"
"267","131123001701368","47 Tuc"
"268","131123001701369","47 Tuc"
"269","131123001701370","47 Tuc"
"270","131123001701371","47 Tuc"
"271","131123001701372","47 Tuc"
"272","131123001701376","47 Tuc"
"273","131123001701377","47 Tuc"
"274","131123001701378","47 Tuc"
"275","131123001701379","47 Tuc"
"276","131123001701380","47 Tuc"
"277","131123001701382","47 Tuc"
"278","131123001701383","47 Tuc"
"279","131123001701389","47 Tuc"
"280","131123001701394","47 Tuc"
"281","131123001701395","47 Tuc"
"282","131123001701398","47 Tuc"
"283","131123002001091","NGC362"
"284","131123002001110","NGC362"
"285","131123002001122","NGC362"
"286","131123002001178","NGC362"
"287","131123002001187","NGC362"
"288","131123002001188","NGC362"
"289","131123002001214","NGC362"
"290","131123002001243","NGC362"
"291","131123002001254","NGC362"
"292","131123002001259","NGC362"
"293","131123002001267","NGC362"
"294","131123002001279","NGC362"
"295","131123002001295","NGC362"
"296","131123002001335","NGC362"
"297","131123002001363","NGC362"
"298","131123002001373","NGC362"
"299","131218003001005","M67"
"300","131218003001006","M67"
"301","131218003001012","M67"
"302","131218003001017","M67"
"303","131218003001019","M67"
"304","131218003001021","M67"
"305","131218003001024","M67"
"306","131218003001041","M67"
"307","131218003001046","M67"
"308","131218003001049","M67"
"309","131218003001085","M67"
"310","131218003001086","M67"
"311","131218003001090","M67"
"312","131218003001099","M67"
"313","131218003001107","M67"
"314","131218003001113","M67"
"315","131218003001124","M67"
"316","131218003001133","M67"
"317","131218003001140","M67"
"318","131218003001147","M67"
"319","131218003001148","M67"
"320","131218003001151","M67"
"321","131218003001163","M67"
"322","131218003001168","M67"
"323","131218003001169","M67"
"324","131218003001187","M67"
"325","131218003001201","M67"
"326","131218003001215","M67"
"327","131218003001221","M67"
"328","131218003001223","M67"
"329","131218003001224","M67"
"330","131218003001231","M67"
"331","131218003001236","M67"
"332","131218003001237","M67"
"333","131218003001239","M67"
"334","131218003001257","M67"
"335","131218003001260","M67"
"336","131218003001272","M67"
"337","131218003001277","M67"
"338","131218003001280","M67"
"339","131218003001285","M67"
"340","131218003001297","M67"
"341","131218003001302","M67"
"342","131218003001303","M67"
"343","131218003001304","M67"
"344","131218003001313","M67"
"345","131218003001315","M67"
"346","131218003001319","M67"
"347","131218003001323","M67"
"348","131218003001328","M67"
"349","131218003001329","M67"
"350","131218003001332","M67"
"351","131218003001333","M67"
"352","131218003001349","M67"
"353","131218003001357","M67"
"354","131218003001360","M67"
"355","131218003001367","M67"
"356","131218003001372","M67"
"357","131218003001373","M67"
"358","131218003001374","M67"
"359","131218003001375","M67"
"360","131218003001377","M67"
"361","131218003001379","M67"
"362","131218003001380","M67"
"363","131218003001381","M67"
"364","131218003001382","M67"
"365","131218003001383","M67"
"366","131218003001385","M67"
"367","131218003001387","M67"
"368","131218003001388","M67"
"369","131218003001389","M67"
"370","131218003001390","M67"
"371","131218003001392","M67"
"372","131218003001394","M67"
"373","131218003001395","M67"
"374","140112001801004","47 Tuc"
"375","140112001801007","47 Tuc"
"376","140112001801011","47 Tuc"
"377","140112001801020","47 Tuc"
"378","140112001801022","47 Tuc"
"379","140112001801023","47 Tuc"
"380","140112001801024","47 Tuc"
"381","140112001801026","47 Tuc"
"382","140112001801028","47 Tuc"
"383","140112001801029","47 Tuc"
"384","140112001801030","47 Tuc"
"385","140112001801033","47 Tuc"
"386","140112001801035","47 Tuc"
"387","140112001801038","47 Tuc"
"388","140112001801043","47 Tuc"
"389","140112001801048","47 Tuc"
"390","140112001801049","47 Tuc"
"391","140112001801066","47 Tuc"
"392","140112001801107","47 Tuc"
"393","140112001801110","47 Tuc"
"394","140112001801114","47 Tuc"
"395","140112001801117","47 Tuc"
"396","140112001801121","47 Tuc"
"397","140112001801124","47 Tuc"
"398","140112001801128","47 Tuc"
"399","140112001801132","47 Tuc"
"400","140112001801144","47 Tuc"
"401","140112001801148","47 Tuc"
"402","140112001801149","47 Tuc"
"403","140112001801151","47 Tuc"
"404","140112001801155","47 Tuc"
"405","140112001801158","47 Tuc"
"406","140112001801165","47 Tuc"
"407","140112001801175","47 Tuc"
"408","140112001801179","47 Tuc"
"409","140112001801192","47 Tuc"
"410","140112001801206","47 Tuc"
"411","140112001801209","47 Tuc"
"412","140112001801210","47 Tuc"
"413","140112001801212","47 Tuc"
"414","140112001801215","47 Tuc"
"415","140112001801220","47 Tuc"
"416","140112001801238","47 Tuc"
"417","140112001801268","47 Tuc"
"418","140112001801272","47 Tuc"
"419","140112001801274","47 Tuc"
"420","140112001801275","47 Tuc"
"421","140112001801286","47 Tuc"
"422","140112001801290","47 Tuc"
"423","140112001801294","47 Tuc"
"424","140112001801297","47 Tuc"
"425","140112001801299","47 Tuc"
"426","140112001801303","47 Tuc"
"427","140112001801305","47 Tuc"
"428","140112001801306","47 Tuc"
"429","140112001801307","47 Tuc"
"430","140112001801308","47 Tuc"
"431","140112001801309","47 Tuc"
"432","140112001801315","47 Tuc"
"433","140112001801316","47 Tuc"
"434","140112001801317","47 Tuc"
"435","140112001801322","47 Tuc"
"436","140112001801323","47 Tuc"
"437","140112001801324","47 Tuc"
"438","140112001801325","47 Tuc"
"439","140112001801332","47 Tuc"
"440","140112001801337","47 Tuc"
"441","140112001801343","47 Tuc"
"442","140112001801345","47 Tuc"
"443","140112001801364","47 Tuc"
"444","140112001801366","47 Tuc"
"445","140112001801369","47 Tuc"
"446","140112001801372","47 Tuc"
"447","140112001801375","47 Tuc"
"448","140112001801378","47 Tuc"
"449","140112001801380","47 Tuc"
"450","140112001801387","47 Tuc"
"451","140112001801389","47 Tuc"
"452","140112001801390","47 Tuc"
"453","140112001801392","47 Tuc"
"454","140112002801003","M67"
"455","140112002801004","M67"
"456","140112002801013","M67"
"457","140112002801031","M67"
"458","140112002801034","M67"
"459","140112002801041","M67"
"460","140112002801042","M67"
"461","140112002801046","M67"
"462","140112002801049","M67"
"463","140112002801061","M67"
"464","140112002801073","M67"
"465","140112002801076","M67"
"466","140112002801086","M67"
"467","140112002801096","M67"
"468","140112002801097","M67"
"469","140112002801099","M67"
"470","140112002801101","M67"
"471","140112002801108","M67"
"472","140112002801113","M67"
"473","140112002801125","M67"
"474","140112002801133","M67"
"475","140112002801139","M67"
"476","140112002801140","M67"
"477","140112002801147","M67"
"478","140112002801148","M67"
"479","140112002801152","M67"
"480","140112002801163","M67"
"481","140112002801168","M67"
"482","140112002801170","M67"
"483","140112002801184","M67"
"484","140112002801214","M67"
"485","140112002801216","M67"
"486","140112002801217","M67"
"487","140112002801221","M67"
"488","140112002801224","M67"
"489","140112002801227","M67"
"490","140112002801230","M67"
"491","140112002801232","M67"
"492","140112002801236","M67"
"493","140112002801237","M67"
"494","140112002801239","M67"
"495","140112002801241","M67"
"496","140112002801257","M67"
"497","140112002801258","M67"
"498","140112002801283","M67"
"499","140112002801296","M67"
"500","140112002801297","M67"
"501","140112002801303","M67"
"502","140112002801314","M67"
"503","140112002801329","M67"
"504","140112002801342","M67"
"505","140112002801349","M67"
"506","140112002801360","M67"
"507","140112002801374","M67"
"508","140112002801375","M67"
"509","140112002801386","M67"
"510","140114002401073","NGC288"
"511","140114002401080","NGC288"
"512","140114002401095","NGC288"
"513","140114002401098","NGC288"
"514","140114002401114","NGC288"
"515","140114002401146","NGC288"
"516","140114002401151","NGC288"
"517","140114002401180","NGC288"
"518","140114002401186","NGC288"
"519","140114002401195","NGC288"
"520","140114002401204","NGC288"
"521","140114002401209","NGC288"
"522","140114002401275","NGC288"
"523","140114002401290","NGC288"
"524","140114002401299","NGC288"
"525","140114002401318","NGC288"
"526","140114002401324","NGC288"
"527","140114002401331","NGC288"
"528","140114002401334","NGC288"
"529","140114002401335","NGC288"
"530","140114002401340","NGC288"
"531","140114002401345","NGC288"
"532","140114002401353","NGC288"
"533","140114002401355","NGC288"
"534","140114002401367","NGC288"
"535","140114002401376","NGC288"
"536","140114002401378","NGC288"
"537","140114002401390","NGC288"
"538","140114002401397","NGC288"
"539","140114002401398","NGC288"
"540","140117003101014","NGC1851"
"541","140117003101030","NGC1851"
"542","140117003101103","NGC1851"
"543","140117003101112","NGC1851"
"544","140117003101143","NGC1851"
"545","140117003101153","NGC1851"
"546","140117003101157","NGC1851"
"547","140117003101210","NGC1851"
"548","140117003101232","NGC1851"
"549","140117003101242","NGC1851"
"550","140117003101269","NGC1851"
"551","140117003101285","NGC1851"
"552","140117003101314","NGC1851"
"553","140117003101329","NGC1851"
"554","140117003101346","NGC1851"
"555","140117003101380","NGC1851"
"556","140117003101397","NGC1851"
"557","140207002001003","M67"
"558","140207002001007","M67"
"559","140207002001014","M67"
"560","140207002001019","M67"
"561","140207002001070","M67"
"562","140207002001081","M67"
"563","140207002001105","M67"
"564","140207002001213","M67"
"565","140207002001242","M67"
"566","140207002001258","M67"
"567","140207002001281","M67"
"568","140207002001294","M67"
"569","140207002001301","M67"
"570","140207002001312","M67"
"571","140207002001321","M67"
"572","140207002001340","M67"
"573","140207002001342","M67"
"574","140207002001346","M67"
"575","140207002001360","M67"
"576","140207002001366","M67"
"577","140207002001383","M67"
"578","140207002001385","M67"
"579","140207002501011","M67"
"580","140207002501012","M67"
"581","140207002501013","M67"
"582","140207002501019","M67"
"583","140207002501026","M67"
"584","140207002501031","M67"
"585","140207002501036","M67"
"586","140207002501039","M67"
"587","140207002501053","M67"
"588","140207002501056","M67"
"589","140207002501058","M67"
"590","140207002501059","M67"
"591","140207002501060","M67"
"592","140207002501061","M67"
"593","140207002501070","M67"
"594","140207002501107","M67"
"595","140207002501121","M67"
"596","140207002501131","M67"
"597","140207002501141","M67"
"598","140207002501142","M67"
"599","140207002501153","M67"
"600","140207002501158","M67"
"601","140207002501165","M67"
"602","140207002501167","M67"
"603","140207002501177","M67"
"604","140207002501183","M67"
"605","140207002501186","M67"
"606","140207002501187","M67"
"607","140207002501197","M67"
"608","140207002501204","M67"
"609","140207002501205","M67"
"610","140207002501208","M67"
"611","140207002501209","M67"
"612","140207002501210","M67"
"613","140207002501215","M67"
"614","140207002501225","M67"
"615","140207002501226","M67"
"616","140207002501232","M67"
"617","140207002501234","M67"
"618","140207002501254","M67"
"619","140207002501255","M67"
"620","140207002501256","M67"
"621","140207002501259","M67"
"622","140207002501265","M67"
"623","140207002501266","M67"
"624","140207002501267","M67"
"625","140207002501270","M67"
"626","140207002501271","M67"
"627","140207002501272","M67"
"628","140207002501280","M67"
"629","140207002501283","M67"
"630","140207002501285","M67"
"631","140207002501287","M67"
"632","140207002501290","M67"
"633","140207002501299","M67"
"634","140207002501303","M67"
"635","140207002501304","M67"
"636","140207002501306","M67"
"637","140207002501307","M67"
"638","140207002501320","M67"
"639","140207002501330","M67"
"640","140207002501332","M67"
"641","140207002501334","M67"
"642","140207002501339","M67"
"643","140207002501352","M67"
"644","140207002501355","M67"
"645","140207002501359","M67"
"646","140207002501363","M67"
"647","140207002501368","M67"
"648","140207002501371","M67"
"649","140207002501374","M67"
"650","140207002501379","M67"
"651","140207002501382","M67"
"652","140207002501387","M67"
"653","140207002501390","M67"
"654","140207002501392","M67"
"655","140207002501394","M67"
"656","140207002501396","M67"
"657","140207002501398","M67"
"658","140207002501399","M67"
"659","140208002501003","M67"
"660","140208002501007","M67"
"661","140208002501014","M67"
"662","140208002501019","M67"
"663","140208002501081","M67"
"664","140208002501105","M67"
"665","140208002501117","M67"
"666","140208002501213","M67"
"667","140208002501242","M67"
"668","140208002501258","M67"
"669","140208002501281","M67"
"670","140208002501294","M67"
"671","140208002501301","M67"
"672","140208002501312","M67"
"673","140208002501321","M67"
"674","140208002501340","M67"
"675","140208002501342","M67"
"676","140208002501346","M67"
"677","140208002501360","M67"
"678","140208002501366","M67"
"679","140208002501383","M67"
"680","140208002501385","M67"
"681","140208003001001","M67"
"682","140208003001011","M67"
"683","140208003001012","M67"
"684","140208003001013","M67"
"685","140208003001019","M67"
"686","140208003001026","M67"
"687","140208003001031","M67"
"688","140208003001036","M67"
"689","140208003001039","M67"
"690","140208003001053","M67"
"691","140208003001056","M67"
"692","140208003001058","M67"
"693","140208003001059","M67"
"694","140208003001060","M67"
"695","140208003001061","M67"
"696","140208003001070","M67"
"697","140208003001121","M67"
"698","140208003001131","M67"
"699","140208003001141","M67"
"700","140208003001142","M67"
"701","140208003001158","M67"
"702","140208003001165","M67"
"703","140208003001167","M67"
"704","140208003001177","M67"
"705","140208003001183","M67"
"706","140208003001186","M67"
"707","140208003001187","M67"
"708","140208003001197","M67"
"709","140208003001204","M67"
"710","140208003001205","M67"
"711","140208003001208","M67"
"712","140208003001209","M67"
"713","140208003001210","M67"
"714","140208003001215","M67"
"715","140208003001225","M67"
"716","140208003001226","M67"
"717","140208003001232","M67"
"718","140208003001254","M67"
"719","140208003001255","M67"
"720","140208003001256","M67"
"721","140208003001259","M67"
"722","140208003001265","M67"
"723","140208003001266","M67"
"724","140208003001267","M67"
"725","140208003001270","M67"
"726","140208003001271","M67"
"727","140208003001272","M67"
"728","140208003001280","M67"
"729","140208003001283","M67"
"730","140208003001285","M67"
"731","140208003001290","M67"
"732","140208003001299","M67"
"733","140208003001303","M67"
"734","140208003001304","M67"
"735","140208003001306","M67"
"736","140208003001307","M67"
"737","140208003001320","M67"
"738","140208003001330","M67"
"739","140208003001332","M67"
"740","140208003001334","M67"
"741","140208003001339","M67"
"742","140208003001352","M67"
"743","140208003001355","M67"
"744","140208003001359","M67"
"745","140208003001363","M67"
"746","140208003001368","M67"
"747","140208003001371","M67"
"748","140208003001374","M67"
"749","140208003001379","M67"
"750","140208003001382","M67"
"751","140208003001387","M67"
"752","140208003001390","M67"
"753","140208003001392","M67"
"754","140208003001394","M67"
"755","140208003001396","M67"
"756","140208003001398","M67"
"757","140208003001399","M67"
"758","140209002701001","M67"
"759","140209002701011","M67"
"760","140209002701012","M67"
"761","140209002701013","M67"
"762","140209002701019","M67"
"763","140209002701026","M67"
"764","140209002701031","M67"
"765","140209002701036","M67"
"766","140209002701039","M67"
"767","140209002701056","M67"
"768","140209002701058","M67"
"769","140209002701059","M67"
"770","140209002701060","M67"
"771","140209002701061","M67"
"772","140209002701070","M67"
"773","140209002701121","M67"
"774","140209002701131","M67"
"775","140209002701141","M67"
"776","140209002701142","M67"
"777","140209002701146","M67"
"778","140209002701158","M67"
"779","140209002701163","M67"
"780","140209002701165","M67"
"781","140209002701167","M67"
"782","140209002701177","M67"
"783","140209002701183","M67"
"784","140209002701186","M67"
"785","140209002701187","M67"
"786","140209002701197","M67"
"787","140209002701204","M67"
"788","140209002701205","M67"
"789","140209002701208","M67"
"790","140209002701209","M67"
"791","140209002701210","M67"
"792","140209002701215","M67"
"793","140209002701225","M67"
"794","140209002701226","M67"
"795","140209002701232","M67"
"796","140209002701234","M67"
"797","140209002701254","M67"
"798","140209002701255","M67"
"799","140209002701256","M67"
"800","140209002701259","M67"
"801","140209002701265","M67"
"802","140209002701266","M67"
"803","140209002701267","M67"
"804","140209002701270","M67"
"805","140209002701271","M67"
"806","140209002701272","M67"
"807","140209002701280","M67"
"808","140209002701283","M67"
"809","140209002701285","M67"
"810","140209002701287","M67"
"811","140209002701290","M67"
"812","140209002701299","M67"
"813","140209002701303","M67"
"814","140209002701304","M67"
"815","140209002701306","M67"
"816","140209002701307","M67"
"817","140209002701320","M67"
"818","140209002701330","M67"
"819","140209002701332","M67"
"820","140209002701334","M67"
"821","140209002701339","M67"
"822","140209002701355","M67"
"823","140209002701359","M67"
"824","140209002701363","M67"
"825","140209002701368","M67"
"826","140209002701371","M67"
"827","140209002701374","M67"
"828","140209002701379","M67"
"829","140209002701382","M67"
"830","140209002701387","M67"
"831","140209002701390","M67"
"832","140209002701392","M67"
"833","140209002701394","M67"
"834","140209002701396","M67"
"835","140209002701398","M67"
"836","140209002701399","M67"
"837","140209003201003","M67"
"838","140209003201007","M67"
"839","140209003201014","M67"
"840","140209003201019","M67"
"841","140209003201081","M67"
"842","140209003201105","M67"
"843","140209003201202","M67"
"844","140209003201213","M67"
"845","140209003201242","M67"
"846","140209003201258","M67"
"847","140209003201281","M67"
"848","140209003201294","M67"
"849","140209003201301","M67"
"850","140209003201312","M67"
"851","140209003201321","M67"
"852","140209003201340","M67"
"853","140209003201342","M67"
"854","140209003201346","M67"
"855","140209003201360","M67"
"856","140209003201366","M67"
"857","140209003201383","M67"
"858","140209003201385","M67"
"859","140210002501011","M67"
"860","140210002501012","M67"
"861","140210002501013","M67"
"862","140210002501019","M67"
"863","140210002501026","M67"
"864","140210002501035","M67"
"865","140210002501036","M67"
"866","140210002501039","M67"
"867","140210002501053","M67"
"868","140210002501056","M67"
"869","140210002501057","M67"
"870","140210002501058","M67"
"871","140210002501059","M67"
"872","140210002501061","M67"
"873","140210002501070","M67"
"874","140210002501121","M67"
"875","140210002501131","M67"
"876","140210002501141","M67"
"877","140210002501142","M67"
"878","140210002501146","M67"
"879","140210002501158","M67"
"880","140210002501165","M67"
"881","140210002501167","M67"
"882","140210002501177","M67"
"883","140210002501186","M67"
"884","140210002501187","M67"
"885","140210002501191","M67"
"886","140210002501197","M67"
"887","140210002501204","M67"
"888","140210002501205","M67"
"889","140210002501208","M67"
"890","140210002501209","M67"
"891","140210002501210","M67"
"892","140210002501215","M67"
"893","140210002501225","M67"
"894","140210002501226","M67"
"895","140210002501232","M67"
"896","140210002501234","M67"
"897","140210002501254","M67"
"898","140210002501255","M67"
"899","140210002501256","M67"
"900","140210002501259","M67"
"901","140210002501265","M67"
"902","140210002501266","M67"
"903","140210002501267","M67"
"904","140210002501270","M67"
"905","140210002501271","M67"
"906","140210002501272","M67"
"907","140210002501280","M67"
"908","140210002501283","M67"
"909","140210002501285","M67"
"910","140210002501290","M67"
"911","140210002501298","M67"
"912","140210002501299","M67"
"913","140210002501303","M67"
"914","140210002501306","M67"
"915","140210002501307","M67"
"916","140210002501320","M67"
"917","140210002501330","M67"
"918","140210002501332","M67"
"919","140210002501334","M67"
"920","140210002501339","M67"
"921","140210002501355","M67"
"922","140210002501356","M67"
"923","140210002501359","M67"
"924","140210002501363","M67"
"925","140210002501368","M67"
"926","140210002501370","M67"
"927","140210002501371","M67"
"928","140210002501379","M67"
"929","140210002501387","M67"
"930","140210002501390","M67"
"931","140210002501392","M67"
"932","140210002501394","M67"
"933","140210002501396","M67"
"934","140210002501398","M67"
"935","140210002501399","M67"
"936","140211001101011","M67"
"937","140211001101012","M67"
"938","140211001101019","M67"
"939","140211001101026","M67"
"940","140211001101036","M67"
"941","140211001101039","M67"
"942","140211001101053","M67"
"943","140211001101056","M67"
"944","140211001101057","M67"
"945","140211001101058","M67"
"946","140211001101059","M67"
"947","140211001101061","M67"
"948","140211001101070","M67"
"949","140211001101121","M67"
"950","140211001101131","M67"
"951","140211001101141","M67"
"952","140211001101142","M67"
"953","140211001101158","M67"
"954","140211001101165","M67"
"955","140211001101167","M67"
"956","140211001101177","M67"
"957","140211001101186","M67"
"958","140211001101187","M67"
"959","140211001101191","M67"
"960","140211001101197","M67"
"961","140211001101204","M67"
"962","140211001101205","M67"
"963","140211001101208","M67"
"964","140211001101209","M67"
"965","140211001101210","M67"
"966","140211001101215","M67"
"967","140211001101225","M67"
"968","140211001101226","M67"
"969","140211001101232","M67"
"970","140211001101234","M67"
"971","140211001101254","M67"
"972","140211001101255","M67"
"973","140211001101256","M67"
"974","140211001101259","M67"
"975","140211001101265","M67"
"976","140211001101266","M67"
"977","140211001101267","M67"
"978","140211001101270","M67"
"979","140211001101271","M67"
"980","140211001101272","M67"
"981","140211001101280","M67"
"982","140211001101283","M67"
"983","140211001101285","M67"
"984","140211001101290","M67"
"985","140211001101298","M67"
"986","140211001101299","M67"
"987","140211001101303","M67"
"988","140211001101306","M67"
"989","140211001101307","M67"
"990","140211001101320","M67"
"991","140211001101330","M67"
"992","140211001101332","M67"
"993","140211001101334","M67"
"994","140211001101339","M67"
"995","140211001101355","M67"
"996","140211001101359","M67"
"997","140211001101363","M67"
"998","140211001101368","M67"
"999","140211001101370","M67"
"1000","140211001101371","M67"
"1001","140211001101379","M67"
"1002","140211001101387","M67"
"1003","140211001101390","M67"
"1004","140211001101392","M67"
"1005","140211001101394","M67"
"1006","140211001101396","M67"
"1007","140211001101398","M67"
"1008","140211001101399","M67"
"1009","140211001901081","M67"
"1010","140211001901105","M67"
"1011","140211001901202","M67"
"1012","140211001901213","M67"
"1013","140211001901242","M67"
"1014","140211001901258","M67"
"1015","140211001901280","M67"
"1016","140211001901294","M67"
"1017","140211001901299","M67"
"1018","140211001901313","M67"
"1019","140211001901320","M67"
"1020","140211001901340","M67"
"1021","140211001901342","M67"
"1022","140211001901346","M67"
"1023","140211001901360","M67"
"1024","140211001901366","M67"
"1025","140211001901383","M67"
"1026","140211001901385","M67"
"1027","140303002001068","omegaCen"
"1028","140303002001202","omegaCen"
"1029","140303002001219","omegaCen"
"1030","140303002001230","omegaCen"
"1031","140305003201003","omegaCen"
"1032","140305003201008","omegaCen"
"1033","140305003201011","omegaCen"
"1034","140305003201014","omegaCen"
"1035","140305003201015","omegaCen"
"1036","140305003201028","omegaCen"
"1037","140305003201029","omegaCen"
"1038","140305003201030","omegaCen"
"1039","140305003201036","omegaCen"
"1040","140305003201037","omegaCen"
"1041","140305003201038","omegaCen"
"1042","140305003201039","omegaCen"
"1043","140305003201045","omegaCen"
"1044","140305003201049","omegaCen"
"1045","140305003201051","omegaCen"
"1046","140305003201053","omegaCen"
"1047","140305003201055","omegaCen"
"1048","140305003201057","omegaCen"
"1049","140305003201074","omegaCen"
"1050","140305003201082","omegaCen"
"1051","140305003201095","omegaCen"
"1052","140305003201098","omegaCen"
"1053","140305003201101","omegaCen"
"1054","140305003201103","omegaCen"
"1055","140305003201104","omegaCen"
"1056","140305003201107","omegaCen"
"1057","140305003201108","omegaCen"
"1058","140305003201109","omegaCen"
"1059","140305003201111","omegaCen"
"1060","140305003201112","omegaCen"
"1061","140305003201113","omegaCen"
"1062","140305003201123","omegaCen"
"1063","140305003201133","omegaCen"
"1064","140305003201143","omegaCen"
"1065","140305003201144","omegaCen"
"1066","140305003201145","omegaCen"
"1067","140305003201146","omegaCen"
"1068","140305003201149","omegaCen"
"1069","140305003201152","omegaCen"
"1070","140305003201156","omegaCen"
"1071","140305003201157","omegaCen"
"1072","140305003201158","omegaCen"
"1073","140305003201162","omegaCen"
"1074","140305003201164","omegaCen"
"1075","140305003201166","omegaCen"
"1076","140305003201169","omegaCen"
"1077","140305003201170","omegaCen"
"1078","140305003201171","omegaCen"
"1079","140305003201177","omegaCen"
"1080","140305003201178","omegaCen"
"1081","140305003201184","omegaCen"
"1082","140305003201185","omegaCen"
"1083","140305003201187","omegaCen"
"1084","140305003201191","omegaCen"
"1085","140305003201196","omegaCen"
"1086","140305003201197","omegaCen"
"1087","140305003201198","omegaCen"
"1088","140305003201207","omegaCen"
"1089","140305003201221","omegaCen"
"1090","140305003201229","omegaCen"
"1091","140305003201234","omegaCen"
"1092","140305003201245","omegaCen"
"1093","140305003201246","omegaCen"
"1094","140305003201258","omegaCen"
"1095","140305003201265","omegaCen"
"1096","140305003201266","omegaCen"
"1097","140305003201276","omegaCen"
"1098","140305003201286","omegaCen"
"1099","140305003201287","omegaCen"
"1100","140305003201289","omegaCen"
"1101","140305003201290","omegaCen"
"1102","140305003201291","omegaCen"
"1103","140305003201302","omegaCen"
"1104","140305003201305","omegaCen"
"1105","140305003201309","omegaCen"
"1106","140305003201310","omegaCen"
"1107","140305003201322","omegaCen"
"1108","140305003201323","omegaCen"
"1109","140305003201326","omegaCen"
"1110","140305003201327","omegaCen"
"1111","140305003201328","omegaCen"
"1112","140305003201329","omegaCen"
"1113","140305003201330","omegaCen"
"1114","140305003201331","omegaCen"
"1115","140305003201333","omegaCen"
"1116","140305003201334","omegaCen"
"1117","140305003201335","omegaCen"
"1118","140305003201336","omegaCen"
"1119","140305003201337","omegaCen"
"1120","140305003201346","omegaCen"
"1121","140305003201349","omegaCen"
"1122","140305003201351","omegaCen"
"1123","140305003201355","omegaCen"
"1124","140305003201356","omegaCen"
"1125","140305003201357","omegaCen"
"1126","140305003201362","omegaCen"
"1127","140305003201363","omegaCen"
"1128","140305003201389","omegaCen"
"1129","140305003201393","omegaCen"
"1130","140305003201399","omegaCen"
"1131","140305003701019","omegaCen"
"1132","140305003701020","omegaCen"
"1133","140305003701041","omegaCen"
"1134","140305003701049","omegaCen"
"1135","140305003701063","omegaCen"
"1136","140305003701068","omegaCen"
"1137","140305003701079","omegaCen"
"1138","140305003701085","omegaCen"
"1139","140305003701102","omegaCen"
"1140","140305003701117","omegaCen"
"1141","140305003701122","omegaCen"
"1142","140305003701128","omegaCen"
"1143","140305003701143","omegaCen"
"1144","140305003701147","omegaCen"
"1145","140305003701148","omegaCen"
"1146","140305003701155","omegaCen"
"1147","140305003701167","omegaCen"
"1148","140305003701169","omegaCen"
"1149","140305003701202","omegaCen"
"1150","140305003701208","omegaCen"
"1151","140305003701213","omegaCen"
"1152","140305003701219","omegaCen"
"1153","140305003701230","omegaCen"
"1154","140305003701232","omegaCen"
"1155","140307001101006","NGC2516"
"1156","140307001101021","NGC2516"
"1157","140307001101027","NGC2516"
"1158","140307001101035","NGC2516"
"1159","140307001101041","NGC2516"
"1160","140307001101075","NGC2516"
"1161","140307001101094","NGC2516"
"1162","140307001101101","NGC2516"
"1163","140307001101103","NGC2516"
"1164","140307001101114","NGC2516"
"1165","140307001101141","NGC2516"
"1166","140307001101158","NGC2516"
"1167","140307001101181","NGC2516"
"1168","140307001101193","NGC2516"
"1169","140307001101204","NGC2516"
"1170","140307001101205","NGC2516"
"1171","140307001101208","NGC2516"
"1172","140307001101221","NGC2516"
"1173","140307001101275","NGC2516"
"1174","140307001101294","NGC2516"
"1175","140307001101301","NGC2516"
"1176","140307001101317","NGC2516"
"1177","140307001101334","NGC2516"
"1178","140307001101348","NGC2516"
"1179","140307001101383","NGC2516"
"1180","140307001101385","NGC2516"
"1181","140307002601017","omegaCen"
"1182","140307002601019","omegaCen"
"1183","140307002601020","omegaCen"
"1184","140307002601029","omegaCen"
"1185","140307002601034","omegaCen"
"1186","140307002601041","omegaCen"
"1187","140307002601049","omegaCen"
"1188","140307002601063","omegaCen"
"1189","140307002601068","omegaCen"
"1190","140307002601079","omegaCen"
"1191","140307002601085","omegaCen"
"1192","140307002601102","omegaCen"
"1193","140307002601112","omegaCen"
"1194","140307002601122","omegaCen"
"1195","140307002601128","omegaCen"
"1196","140307002601143","omegaCen"
"1197","140307002601147","omegaCen"
"1198","140307002601148","omegaCen"
"1199","140307002601155","omegaCen"
"1200","140307002601167","omegaCen"
"1201","140307002601169","omegaCen"
"1202","140307002601202","omegaCen"
"1203","140307002601206","omegaCen"
"1204","140307002601208","omegaCen"
"1205","140307002601213","omegaCen"
"1206","140307002601219","omegaCen"
"1207","140307002601220","omegaCen"
"1208","140307002601230","omegaCen"
"1209","140307002601232","omegaCen"
"1210","140307002601238","omegaCen"
"1211","140307002601330","omegaCen"
"1212","140307002601356","omegaCen"
"1213","140307003101003","omegaCen"
"1214","140307003101012","omegaCen"
"1215","140307003101023","omegaCen"
"1216","140307003101028","omegaCen"
"1217","140307003101030","omegaCen"
"1218","140307003101052","omegaCen"
"1219","140307003101057","omegaCen"
"1220","140307003101087","omegaCen"
"1221","140307003101095","omegaCen"
"1222","140307003101110","omegaCen"
"1223","140307003101118","omegaCen"
"1224","140307003101131","omegaCen"
"1225","140307003101138","omegaCen"
"1226","140307003101147","omegaCen"
"1227","140307003101149","omegaCen"
"1228","140307003101167","omegaCen"
"1229","140307003101218","omegaCen"
"1230","140307003101249","omegaCen"
"1231","140307003101254","omegaCen"
"1232","140307003101269","omegaCen"
"1233","140307003101282","omegaCen"
"1234","140307003101289","omegaCen"
"1235","140307003101303","omegaCen"
"1236","140307003101307","omegaCen"
"1237","140307003101324","omegaCen"
"1238","140307003101339","omegaCen"
"1239","140307003101361","omegaCen"
"1240","140307003101362","omegaCen"
"1241","140307003101365","omegaCen"
"1242","140307003101367","omegaCen"
"1243","140307003101379","omegaCen"
"1244","140314005201003","omegaCen"
"1245","140314005201005","omegaCen"
"1246","140314005201008","omegaCen"
"1247","140314005201011","omegaCen"
"1248","140314005201015","omegaCen"
"1249","140314005201019","omegaCen"
"1250","140314005201020","omegaCen"
"1251","140314005201026","omegaCen"
"1252","140314005201028","omegaCen"
"1253","140314005201030","omegaCen"
"1254","140314005201034","omegaCen"
"1255","140314005201035","omegaCen"
"1256","140314005201037","omegaCen"
"1257","140314005201038","omegaCen"
"1258","140314005201042","omegaCen"
"1259","140314005201054","omegaCen"
"1260","140314005201057","omegaCen"
"1261","140314005201058","omegaCen"
"1262","140314005201067","omegaCen"
"1263","140314005201068","omegaCen"
"1264","140314005201073","omegaCen"
"1265","140314005201080","omegaCen"
"1266","140314005201082","omegaCen"
"1267","140314005201086","omegaCen"
"1268","140314005201093","omegaCen"
"1269","140314005201094","omegaCen"
"1270","140314005201098","omegaCen"
"1271","140314005201104","omegaCen"
"1272","140314005201108","omegaCen"
"1273","140314005201112","omegaCen"
"1274","140314005201120","omegaCen"
"1275","140314005201123","omegaCen"
"1276","140314005201133","omegaCen"
"1277","140314005201144","omegaCen"
"1278","140314005201151","omegaCen"
"1279","140314005201152","omegaCen"
"1280","140314005201153","omegaCen"
"1281","140314005201157","omegaCen"
"1282","140314005201158","omegaCen"
"1283","140314005201163","omegaCen"
"1284","140314005201174","omegaCen"
"1285","140314005201176","omegaCen"
"1286","140314005201177","omegaCen"
"1287","140314005201179","omegaCen"
"1288","140314005201184","omegaCen"
"1289","140314005201185","omegaCen"
"1290","140314005201187","omegaCen"
"1291","140314005201190","omegaCen"
"1292","140314005201198","omegaCen"
"1293","140314005201204","omegaCen"
"1294","140314005201207","omegaCen"
"1295","140314005201209","omegaCen"
"1296","140314005201210","omegaCen"
"1297","140314005201214","omegaCen"
"1298","140314005201215","omegaCen"
"1299","140314005201217","omegaCen"
"1300","140314005201231","omegaCen"
"1301","140314005201234","omegaCen"
"1302","140314005201240","omegaCen"
"1303","140314005201247","omegaCen"
"1304","140314005201257","omegaCen"
"1305","140314005201258","omegaCen"
"1306","140314005201259","omegaCen"
"1307","140314005201264","omegaCen"
"1308","140314005201269","omegaCen"
"1309","140314005201276","omegaCen"
"1310","140314005201279","omegaCen"
"1311","140314005201283","omegaCen"
"1312","140314005201289","omegaCen"
"1313","140314005201291","omegaCen"
"1314","140314005201294","omegaCen"
"1315","140314005201298","omegaCen"
"1316","140314005201309","omegaCen"
"1317","140314005201321","omegaCen"
"1318","140314005201326","omegaCen"
"1319","140314005201328","omegaCen"
"1320","140314005201331","omegaCen"
"1321","140314005201335","omegaCen"
"1322","140314005201349","omegaCen"
"1323","140314005201355","omegaCen"
"1324","140314005201358","omegaCen"
"1325","140314005201363","omegaCen"
"1326","140314005201364","omegaCen"
"1327","140314005201371","omegaCen"
"1328","140314005201379","omegaCen"
"1329","140314005201380","omegaCen"
"1330","140314005201392","omegaCen"
"1331","140314005201394","omegaCen"
"1332","140315002501003","omegaCen"
"1333","140315002501005","omegaCen"
"1334","140315002501008","omegaCen"
"1335","140315002501011","omegaCen"
"1336","140315002501015","omegaCen"
"1337","140315002501020","omegaCen"
"1338","140315002501026","omegaCen"
"1339","140315002501028","omegaCen"
"1340","140315002501030","omegaCen"
"1341","140315002501034","omegaCen"
"1342","140315002501035","omegaCen"
"1343","140315002501037","omegaCen"
"1344","140315002501038","omegaCen"
"1345","140315002501042","omegaCen"
"1346","140315002501054","omegaCen"
"1347","140315002501057","omegaCen"
"1348","140315002501058","omegaCen"
"1349","140315002501067","omegaCen"
"1350","140315002501068","omegaCen"
"1351","140315002501073","omegaCen"
"1352","140315002501080","omegaCen"
"1353","140315002501082","omegaCen"
"1354","140315002501086","omegaCen"
"1355","140315002501093","omegaCen"
"1356","140315002501094","omegaCen"
"1357","140315002501098","omegaCen"
"1358","140315002501104","omegaCen"
"1359","140315002501108","omegaCen"
"1360","140315002501112","omegaCen"
"1361","140315002501118","omegaCen"
"1362","140315002501120","omegaCen"
"1363","140315002501123","omegaCen"
"1364","140315002501133","omegaCen"
"1365","140315002501144","omegaCen"
"1366","140315002501151","omegaCen"
"1367","140315002501152","omegaCen"
"1368","140315002501153","omegaCen"
"1369","140315002501157","omegaCen"
"1370","140315002501158","omegaCen"
"1371","140315002501163","omegaCen"
"1372","140315002501174","omegaCen"
"1373","140315002501176","omegaCen"
"1374","140315002501177","omegaCen"
"1375","140315002501179","omegaCen"
"1376","140315002501184","omegaCen"
"1377","140315002501185","omegaCen"
"1378","140315002501187","omegaCen"
"1379","140315002501190","omegaCen"
"1380","140315002501198","omegaCen"
"1381","140315002501204","omegaCen"
"1382","140315002501207","omegaCen"
"1383","140315002501209","omegaCen"
"1384","140315002501210","omegaCen"
"1385","140315002501214","omegaCen"
"1386","140315002501215","omegaCen"
"1387","140315002501217","omegaCen"
"1388","140315002501231","omegaCen"
"1389","140315002501234","omegaCen"
"1390","140315002501240","omegaCen"
"1391","140315002501247","omegaCen"
"1392","140315002501257","omegaCen"
"1393","140315002501258","omegaCen"
"1394","140315002501259","omegaCen"
"1395","140315002501264","omegaCen"
"1396","140315002501269","omegaCen"
"1397","140315002501276","omegaCen"
"1398","140315002501279","omegaCen"
"1399","140315002501283","omegaCen"
"1400","140315002501289","omegaCen"
"1401","140315002501291","omegaCen"
"1402","140315002501294","omegaCen"
"1403","140315002501298","omegaCen"
"1404","140315002501309","omegaCen"
"1405","140315002501321","omegaCen"
"1406","140315002501326","omegaCen"
"1407","140315002501328","omegaCen"
"1408","140315002501331","omegaCen"
"1409","140315002501335","omegaCen"
"1410","140315002501358","omegaCen"
"1411","140315002501363","omegaCen"
"1412","140315002501364","omegaCen"
"1413","140315002501371","omegaCen"
"1414","140315002501379","omegaCen"
"1415","140315002501380","omegaCen"
"1416","140315002501392","omegaCen"
"1417","140315002501394","omegaCen"
"1418","140316004201003","omegaCen"
"1419","140316004201005","omegaCen"
"1420","140316004201008","omegaCen"
"1421","140316004201011","omegaCen"
"1422","140316004201015","omegaCen"
"1423","140316004201019","omegaCen"
"1424","140316004201020","omegaCen"
"1425","140316004201026","omegaCen"
"1426","140316004201030","omegaCen"
"1427","140316004201034","omegaCen"
"1428","140316004201035","omegaCen"
"1429","140316004201037","omegaCen"
"1430","140316004201038","omegaCen"
"1431","140316004201042","omegaCen"
"1432","140316004201057","omegaCen"
"1433","140316004201058","omegaCen"
"1434","140316004201067","omegaCen"
"1435","140316004201068","omegaCen"
"1436","140316004201070","omegaCen"
"1437","140316004201073","omegaCen"
"1438","140316004201080","omegaCen"
"1439","140316004201093","omegaCen"
"1440","140316004201094","omegaCen"
"1441","140316004201104","omegaCen"
"1442","140316004201108","omegaCen"
"1443","140316004201112","omegaCen"
"1444","140316004201120","omegaCen"
"1445","140316004201123","omegaCen"
"1446","140316004201133","omegaCen"
"1447","140316004201144","omegaCen"
"1448","140316004201151","omegaCen"
"1449","140316004201153","omegaCen"
"1450","140316004201157","omegaCen"
"1451","140316004201163","omegaCen"
"1452","140316004201174","omegaCen"
"1453","140316004201176","omegaCen"
"1454","140316004201177","omegaCen"
"1455","140316004201179","omegaCen"
"1456","140316004201187","omegaCen"
"1457","140316004201190","omegaCen"
"1458","140316004201198","omegaCen"
"1459","140316004201204","omegaCen"
"1460","140316004201207","omegaCen"
"1461","140316004201209","omegaCen"
"1462","140316004201210","omegaCen"
"1463","140316004201214","omegaCen"
"1464","140316004201215","omegaCen"
"1465","140316004201217","omegaCen"
"1466","140316004201231","omegaCen"
"1467","140316004201234","omegaCen"
"1468","140316004201240","omegaCen"
"1469","140316004201247","omegaCen"
"1470","140316004201257","omegaCen"
"1471","140316004201258","omegaCen"
"1472","140316004201259","omegaCen"
"1473","140316004201264","omegaCen"
"1474","140316004201269","omegaCen"
"1475","140316004201276","omegaCen"
"1476","140316004201279","omegaCen"
"1477","140316004201283","omegaCen"
"1478","140316004201289","omegaCen"
"1479","140316004201291","omegaCen"
"1480","140316004201294","omegaCen"
"1481","140316004201298","omegaCen"
"1482","140316004201309","omegaCen"
"1483","140316004201321","omegaCen"
"1484","140316004201326","omegaCen"
"1485","140316004201328","omegaCen"
"1486","140316004201331","omegaCen"
"1487","140316004201335","omegaCen"
"1488","140316004201355","omegaCen"
"1489","140316004201358","omegaCen"
"1490","140316004201363","omegaCen"
"1491","140316004201379","omegaCen"
"1492","140316004201380","omegaCen"
"1493","140316004201392","omegaCen"
"1494","140316004201394","omegaCen"
"1495","140713002401333","NGC6362"
"1496","140713002401337","NGC6362"
"1497","140713002401341","NGC6362"
"1498","140713002401343","NGC6362"
"1499","140713002401344","NGC6362"
"1500","140713002401349","NGC6362"
"1501","140806004701001","NGC362"
"1502","140806004701004","NGC362"
"1503","140806004701006","NGC362"
"1504","140806004701008","NGC362"
"1505","140806004701011","NGC362"
"1506","140806004701012","NGC362"
"1507","140806004701393","NGC362"
"1508","140806004701397","NGC362"
"1509","140806004701398","NGC362"
"1510","140806004701399","NGC362"
"1511","150109001001008","Pleiades"
"1512","150109001001027","Pleiades"
"1513","150109001001041","Pleiades"
"1514","150109001001045","Pleiades"
"1515","150109001001049","Pleiades"
"1516","150109001001067","Pleiades"
"1517","150109001001079","Pleiades"
"1518","150109001001114","Pleiades"
"1519","150109001001324","Pleiades"
"1520","150109001001355","Pleiades"
"1521","150824002601339","NGC6362"
"1522","150824002601341","NGC6362"
"1523","150824002601342","NGC6362"
"1524","150824002601343","NGC6362"
"1525","150824002601345","NGC6362"
"1526","150901001101002","M30"
"1527","150901001101022","M30"
"1528","150901001101030","M30"
"1529","150901001101031","M30"
"1530","150901001101042","M30"
"1531","150901001101128","M30"
"1532","150901001101141","M30"
"1533","150901001101144","M30"
"1534","150901001101158","M30"
"1535","150901001101166","M30"
"1536","150901001101184","M30"
"1537","150901001101186","M30"
"1538","150901001101245","M30"
"1539","150901001101274","M30"
"1540","150901001101278","M30"
"1541","150901001101281","M30"
"1542","150901001101286","M30"
"1543","150901001101294","M30"
"1544","150901001101305","M30"
"1545","150901001101394","M30"
"1546","150901001101399","M30"
"1547","151111004301279","NGC2243"
"1548","151111004301287","NGC2243"
"1549","151111004301294","NGC2243"
"1550","151111004301327","NGC2243"
"1551","151111004301330","NGC2243"
"1552","151225001601131","NGC2243"
"1553","151225001601252","NGC2243"
"1554","151225001601294","NGC2243"
"1555","151225001601316","NGC2243"
"1556","151225001601320","NGC2243"
"1557","151231003701005","NGC2516"
"1558","151231003701009","NGC2516"
"1559","151231003701015","NGC2516"
"1560","151231003701018","NGC2516"
"1561","151231003701026","NGC2516"
"1562","151231003701036","NGC2516"
"1563","151231003701038","NGC2516"
"1564","151231003701046","NGC2516"
"1565","151231003701052","NGC2516"
"1566","151231003701065","NGC2516"
"1567","151231003701085","NGC2516"
"1568","151231003701091","NGC2516"
"1569","151231003701095","NGC2516"
"1570","151231003701106","NGC2516"
"1571","151231003701144","NGC2516"
"1572","151231003701154","NGC2516"
"1573","151231003701155","NGC2516"
"1574","151231003701171","NGC2516"
"1575","151231003701219","NGC2516"
"1576","151231003701225","NGC2516"
"1577","151231003701244","NGC2516"
"1578","151231003701265","NGC2516"
"1579","151231003701280","NGC2516"
"1580","151231003701285","NGC2516"
"1581","151231003701295","NGC2516"
"1582","151231003701299","NGC2516"
"1583","151231003701306","NGC2516"
"1584","151231003701326","NGC2516"
"1585","151231003701336","NGC2516"
"1586","151231003701389","NGC2516"
"1587","160106001601007","Pleiades"
"1588","160106001601021","Pleiades"
"1589","160106001601022","Pleiades"
"1590","160106001601024","Pleiades"
"1591","160106001601052","Pleiades"
"1592","160106001601058","Pleiades"
"1593","160106001601078","Pleiades"
"1594","160106001601089","Pleiades"
"1595","160106001601095","Pleiades"
"1596","160106001601097","Pleiades"
"1597","160106001601107","Pleiades"
"1598","160106001601129","Pleiades"
"1599","160106001601153","Pleiades"
"1600","160106001601178","Pleiades"
"1601","160106001601181","Pleiades"
"1602","160106001601197","Pleiades"
"1603","160106001601242","Pleiades"
"1604","160106001601249","Pleiades"
"1605","160106001601255","Pleiades"
"1606","160106001601259","Pleiades"
"1607","160106001601261","Pleiades"
"1608","160106001601285","Pleiades"
"1609","160106001601294","Pleiades"
"1610","160106001601296","Pleiades"
"1611","160106001601301","Pleiades"
"1612","160106001601330","Pleiades"
"1613","160106001601343","Pleiades"
"1614","160106001601384","Pleiades"
"1615","160106001601399","Pleiades"
"1616","160106004101001","M67"
"1617","160106004101035","M67"
"1618","160106004101038","M67"
"1619","160106004101075","M67"
"1620","160106004101106","M67"
"1621","160106004101121","M67"
"1622","160106004101241","M67"
"1623","160106004101243","M67"
"1624","160106004101246","M67"
"1625","160106004101251","M67"
"1626","160106004101253","M67"
"1627","160106004101254","M67"
"1628","160106004101255","M67"
"1629","160106004101257","M67"
"1630","160106004101259","M67"
"1631","160106004101270","M67"
"1632","160106004101273","M67"
"1633","160106004101274","M67"
"1634","160106004101275","M67"
"1635","160106004101276","M67"
"1636","160106004101277","M67"
"1637","160106004101279","M67"
"1638","160106004101283","M67"
"1639","160106004101285","M67"
"1640","160106004101287","M67"
"1641","160106004101288","M67"
"1642","160106004101293","M67"
"1643","160106004101295","M67"
"1644","160106004101296","M67"
"1645","160106004101297","M67"
"1646","160106004101299","M67"
"1647","160106004101301","M67"
"1648","160106004101302","M67"
"1649","160106004101303","M67"
"1650","160106004101306","M67"
"1651","160106004101310","M67"
"1652","160106004101313","M67"
"1653","160106004101315","M67"
"1654","160106004101316","M67"
"1655","160106004101319","M67"
"1656","160106004101320","M67"
"1657","160106004101321","M67"
"1658","160106004101322","M67"
"1659","160106004101324","M67"
"1660","160106004101329","M67"
"1661","160106004101330","M67"
"1662","160106004101331","M67"
"1663","160106004101335","M67"
"1664","160106004101338","M67"
"1665","160106004101341","M67"
"1666","160106004101353","M67"
"1667","160106004101357","M67"
"1668","160106004101358","M67"
"1669","160106004101363","M67"
"1670","160107004101016","M67"
"1671","160107004101025","M67"
"1672","160107004101072","M67"
"1673","160107004101102","M67"
"1674","160107004101109","M67"
"1675","160107004101142","M67"
"1676","160107004101144","M67"
"1677","160107004101193","M67"
"1678","160107004101205","M67"
"1679","160107004101219","M67"
"1680","160107004101227","M67"
"1681","160107004101232","M67"
"1682","160107004101237","M67"
"1683","160107004101239","M67"
"1684","160107004101240","M67"
"1685","160107004101241","M67"
"1686","160107004101245","M67"
"1687","160107004101247","M67"
"1688","160107004101257","M67"
"1689","160107004101259","M67"
"1690","160107004101261","M67"
"1691","160107004101266","M67"
"1692","160107004101271","M67"
"1693","160107004101274","M67"
"1694","160107004101275","M67"
"1695","160107004101279","M67"
"1696","160107004101280","M67"
"1697","160107004101287","M67"
"1698","160107004101289","M67"
"1699","160107004101291","M67"
"1700","160107004101293","M67"
"1701","160107004101294","M67"
"1702","160107004101297","M67"
"1703","160107004101303","M67"
"1704","160107004101306","M67"
"1705","160107004101310","M67"
"1706","160107004101311","M67"
"1707","160107004101319","M67"
"1708","160107004101321","M67"
"1709","160107004101325","M67"
"1710","160107004101328","M67"
"1711","160107004101333","M67"
"1712","160107004101336","M67"
"1713","160107004101337","M67"
"1714","160107004101339","M67"
"1715","160107004101347","M67"
"1716","160107004101349","M67"
"1717","160107004101351","M67"
"1718","160107004101361","M67"
"1719","160107004101368","M67"
"1720","160107004101373","M67"
"1721","160107004101385","M67"
"1722","160107004101392","M67"
